method,generation,evaluations,minimum,mean,maximum
GA p=0.1,0,60,435790150.1450675,4044652917.147427,16671244804.653881
GA p=0.1,1,119,60926968.56538977,1671924814.10445,4308087314.623878
GA p=0.1,2,178,49082929.17828959,872765611.733519,3951617621.612577
GA p=0.1,3,237,14012849.474449888,402594020.59654975,1733292265.5886726
GA p=0.1,4,296,11960525.348399648,182504541.14725187,1077263487.7881045
GA p=0.1,5,355,4338192.1600795435,104227201.53581974,403855219.3490515
GA p=0.1,6,414,4281186.288981964,71413959.40052857,205886993.71914572
GA p=0.1,7,473,2739903.032979012,51980602.850965604,194015552.9167834
GA p=0.1,8,532,2602894.821611467,44769919.01352129,147504765.50729617
GA p=0.1,9,591,2572924.8092506086,40064066.176182136,132059646.98165148
GA p=0.1,10,650,1795097.383773879,35375795.99065121,125862706.3163391
GA p=0.1,11,709,1137883.1361780737,32966674.749260847,115667054.65928806
GA p=0.1,12,768,877090.6521964443,27574248.37185176,108437709.88639392
GA p=0.1,13,827,831908.4486354357,25616792.46200494,102258007.4073
GA p=0.1,14,886,446793.0512748932,23971360.927982718,97652170.80131951
GA p=0.1,15,945,446793.0512748932,22546652.88295163,94800136.65107924
GA p=0.1,16,1004,330166.8491935942,19689360.24689235,88052301.66958645
GA p=0.1,17,1063,257150.30772325338,16841101.9841323,77270530.55912307
GA p=0.1,18,1122,166440.52346028312,14572148.289778206,61814469.024789885
GA p=0.1,19,1181,160118.25076580024,13103013.129819857,61814469.024789885
GA p=0.1,20,1240,122473.83127126584,11395120.372787759,56720981.90947867
GA p=0.1,21,1299,101887.84278975049,9635328.367915878,47847861.132899895
GA p=0.1,22,1358,62749.539926363934,8830585.606181052,46128955.35297082
GA p=0.1,23,1417,42163.45310828198,7918822.969289579,42655440.65652712
GA p=0.1,24,1476,13600.795161101076,6537547.527269387,36583007.444642894
GA p=0.1,25,1535,13600.795161101076,5529639.781203017,31316224.78970193
GA p=0.1,26,1594,13600.795161101076,4843424.076889084,29641470.852648858
GA p=0.1,27,1653,8669.755933400542,4181236.260657013,23673494.63731924
GA p=0.1,28,1712,4143.433258601939,3604657.3667987096,21510790.10681289
GA p=0.1,29,1771,3183.579649188588,2804318.683594585,17574506.199257497
GA p=0.1,30,1830,1312.9997692156105,2391035.636161832,16554062.612012006
GA p=0.1,31,1889,504.93301405600397,2134736.3712494583,15370366.467477256
GA p=0.1,32,1948,353.34628817755333,1762184.4843469865,14231065.62323439
GA p=0.1,33,2007,353.34628817755333,1474521.1258487168,12749617.990649918
GA p=0.1,34,2066,30.514891048677832,1252592.0772305198,12359882.24686571
GA p=0.1,35,2125,30.514891048677832,1076388.843793312,10179245.334604744
GA p=0.1,36,2184,6.832667295936323,848925.5258393894,9326676.528981067
GA p=0.1,37,2243,6.832667295936323,723785.4137918951,8367009.079376028
GA p=0.1,38,2302,5.118327856456016,551552.36926831,5806779.037274998
GA p=0.1,39,2361,5.047450048742992,441015.7806605853,5273413.192433532
GA p=0.1,40,2420,5.047450048742992,370929.0308453595,4587181.589844272
GA p=0.1,41,2479,5.047450048742992,298938.18029889994,3865329.651117182
GA p=0.1,42,2538,3.380237557494809,235529.80967114543,3158978.9164963798
GA p=0.1,43,2597,3.380237557494809,176523.84481604,2449207.5352373496
GA p=0.1,44,2656,2.695758247232615,138232.06826862678,1919809.2396131495
GA p=0.1,45,2715,2.4576205186517353,104392.87562514874,1519163.93037921
GA p=0.1,46,2774,2.4576205186517353,82497.73624196743,1324598.4670983483
GA p=0.1,47,2833,2.347871190703133,50389.892913107076,868081.3334546363
GA p=0.1,48,2892,1.8563622758595957,40636.63279956459,694708.6566893264
GA p=0.1,49,2951,1.7854844681465714,37990.69467796444,694708.6566893264
GA p=0.1,50,3010,0.9337452370165218,32411.378379218626,607238.4571579084
GA p=0.1,51,3069,0.9082021606306082,12718.646867467336,238309.16817998886
GA p=0.1,52,3128,0.9082021606306082,12451.5176408827,238309.16817998886
GA p=0.1,53,3187,0.8564096387045765,10061.64178585511,195142.32290515007
GA p=0.1,54,3246,0.8564096387045765,4758.937446975647,93818.30159666497
GA p=0.1,55,3305,0.4534258579582278,4729.756304161678,93772.58948953211
GA p=0.1,56,3364,0.4534258579582278,4284.766726112149,85193.37818656256
GA p=0.1,57,3423,0.4016333360321961,2117.318854270173,41969.335968282416
GA p=0.1,58,3482,0.4016333360321961,1711.4206663991363,33994.97628673282
GA p=0.1,59,3541,0.15272059212003763,780.1326874581923,15399.74034139142
GA p=0.1,60,3600,0.12110544781698822,65.90390691332689,1161.002503575432
GA p=0.1,61,3659,0.12110544781698822,61.58695700910511,1161.002503575432
GA p=0.1,62,3718,0.12110544781698822,48.46741705683993,910.3588108904664
GA p=0.1,63,3777,0.12110544781698822,21.66636393653421,390.81016486521787
GA p=0.1,64,3836,0.12110544781698822,21.22695442497945,390.36656275440623
GA p=0.1,65,3895,0.040840905185691015,20.231161441992036,381.2228312595655
GA p=0.1,66,3954,0.040840905185691015,2.4555780987871216,29.56123010244365
GA p=0.1,67,4013,0.040840905185691015,1.789901796748677,18.143630212451306
GA p=0.1,68,4072,0.011382541862343415,1.230212335995372,8.466798538522161
GA p=0.1,69,4131,0.008313486420192646,1.1661330723612846,8.466798538522161
GA p=0.1,70,4190,0.008313486420192646,1.068982334539588,8.466798538522161
GA p=0.1,71,4249,0.008313486420192646,0.8211130559329756,4.1944800552959105
GA p=0.1,72,4308,0.008313486420192646,0.7725740796811313,4.1944800552959105
GA p=0.1,73,4367,0.008313486420192646,0.7565753594390917,4.1944800552959105
GA p=0.1,74,4426,0.008313486420192646,0.6888559151007355,4.1944800552959105
GA p=0.1,75,4485,0.008313486420192646,0.6205155771406538,4.1944800552959105
GA p=0.1,76,4544,0.005787397098797319,0.5075294113182041,4.067124890086931
GA p=0.1,77,4603,0.0027183416566465514,0.46918258439034927,3.661379876207511
GA p=0.1,78,4662,0.0027183416566465514,0.40947389237844345,2.9732219434731983
GA p=0.1,79,4721,0.0027183416566465514,0.3532544706123253,2.277171618314959
GA p=0.1,80,4780,0.0027183416566465514,0.318860706093611,2.277171618314959
GA p=0.1,81,4839,0.0027183416566465514,0.28011694897923817,1.5714606310119243
GA p=0.1,82,4898,0.0027183416566465514,0.26366176780349254,1.5714606310119243
GA p=0.1,83,4957,0.0027183416566465514,0.2621475562274955,1.5714606310119243
GA p=0.1,84,5016,0.0027183416566465514,0.26174658774196613,1.5714606310119243
GA p=0.1,85,5075,0.0027183416566465514,0.20749706876852855,1.5714606310119243
GA p=0.1,86,5134,0.0027183416566465514,0.18844741048100133,1.5714606310119243
GA p=0.1,87,5193,0.0027183416566465514,0.16923096542604843,1.2771929989418753
GA p=0.1,88,5252,0.0027183416566465514,0.1680650146412322,1.2771929989418753
GA p=0.1,89,5311,0.0027183416566465514,0.16760555586258738,1.2771929989418753
GA p=0.1,90,5370,0.0027183416566465514,0.16308203865411963,1.2596399443731536
GA p=0.1,91,5429,0.0027183416566465514,0.14367831299808342,0.9385879759744093
GA p=0.1,92,5488,0.0027183416566465514,0.13361213652868867,0.9385879759744093
GA p=0.1,93,5547,0.0027183416566465514,0.12113248834343238,0.7671524775608074
GA p=0.1,94,5606,0.0027183416566465514,0.11981582118226417,0.7671524775608074
GA p=0.1,95,5665,0.0027183416566465514,0.11785806972048539,0.7671524775608074
GA p=0.1,96,5724,0.0027183416566465514,0.1163813054777345,0.7671524775608074
GA p=0.1,97,5783,0.0027183416566465514,0.1161209818174857,0.7671524775608074
GA p=0.1,98,5842,0.0027183416566465514,0.11112316749230343,0.7671524775608074
GA p=0.1,99,5901,0.0027183416566465514,0.10872334742730319,0.7671524775608074
GA p=0.4,0,60,435790150.1450675,4044652917.147427,16671244804.653881
GA p=0.4,1,119,308268993.0568546,1528995772.7180915,5051889793.270309
GA p=0.4,2,178,27574584.2941445,641223297.6371343,1877704115.6607263
GA p=0.4,3,237,10698046.824036317,313174965.3564774,1271083877.4161313
GA p=0.4,4,296,10341935.712488808,150595588.7059344,549888633.1335567
GA p=0.4,5,355,8413135.09393409,74482243.85766663,236175485.3162986
GA p=0.4,6,414,5630505.591115701,47503290.205571115,151239520.87144187
GA p=0.4,7,473,3631407.6186575913,41107667.11537404,151239520.87144187
GA p=0.4,8,532,1312897.4624480172,28789218.558265846,136462777.18324518
GA p=0.4,9,591,48775.8615975436,20853494.79952032,120068041.150346
GA p=0.4,10,650,32858.70551710157,18369122.881974395,106202705.6223351
GA p=0.4,11,709,11529.855519316015,14241678.234900245,80714419.88657223
GA p=0.4,12,768,5885.232478313786,11983030.561261557,76724957.36233538
GA p=0.4,13,827,5885.232478313786,9374893.218050305,70274666.75827838
GA p=0.4,14,886,466.53657689175395,7824784.040175294,54797601.32538899
GA p=0.4,15,945,263.84918475391885,6292028.1860361975,44085380.04067219
GA p=0.4,16,1004,59.95886277898676,4533744.819768094,33034340.083661973
GA p=0.4,17,1063,41.91888958971011,3757877.385820451,33034340.083661973
GA p=0.4,18,1122,41.91888958971011,2796553.072792781,27046740.194802415
GA p=0.4,19,1181,41.91888958971011,2258494.4969264567,24818108.58602718
GA p=0.4,20,1240,34.75376921962835,1574412.4371493582,15563536.38986593
GA p=0.4,21,1299,17.33509593320528,1131579.8262361018,11697653.275178527
GA p=0.4,22,1358,17.33509593320528,918020.7651675747,11062776.044393526
GA p=0.4,23,1417,10.184311494664176,666086.696740052,8459228.773988118
GA p=0.4,24,1476,10.184311494664176,460001.6209976247,5866971.599061554
GA p=0.4,25,1535,10.184311494664176,338820.75604805804,4903353.422706884
GA p=0.4,26,1594,10.184311494664176,197261.9716428363,2977320.7094292054
GA p=0.4,27,1653,10.184311494664176,167376.91464328047,2651899.748511309
GA p=0.4,28,1712,10.184311494664176,78296.16526284124,1181561.394460122
GA p=0.4,29,1771,8.143563508905341,53821.09769776811,926752.9744171795
GA p=0.4,30,1830,8.143563508905341,36007.3606054063,602634.5001995262
GA p=0.4,31,1889,7.015603791109669,26607.0313840025,470955.3581417798
GA p=0.4,32,1948,7.015603791109669,12855.846522868043,220877.72909064408
GA p=0.4,33,2007,4.619430155548206,7671.24510000485,140430.9679475457
GA p=0.4,34,2066,4.515530829777709,2561.1265481792225,45825.58643525135
GA p=0.4,35,2125,4.515530829777709,1202.380240932656,23009.127249835172
GA p=0.4,36,2184,4.515530829777709,636.7052460229835,11831.120243027344
GA p=0.4,37,2243,4.515530829777709,289.6935562891428,5045.454240696779
GA p=0.4,38,2302,4.086364854583109,122.32316127163473,2086.287186088394
GA p=0.4,39,2361,4.086364854583109,31.906687391983745,305.2952134708235
GA p=0.4,40,2420,2.7831956005999015,29.21934436396711,305.2952134708235
GA p=0.4,41,2479,2.7831956005999015,15.673532206152366,45.0408065901765
GA p=0.4,42,2538,2.7831956005999015,15.195670748853042,41.41988241357756
GA p=0.4,43,2597,2.7831956005999015,13.238901413593588,36.699609366461814
GA p=0.4,44,2656,2.7831956005999015,10.745793595496773,24.890151927525
GA p=0.4,45,2715,2.7831956005999015,10.06542228401094,23.877250564604786
GA p=0.4,46,2774,2.475583652175807,8.71506415774288,17.35466162956456
GA p=0.4,47,2833,2.109763880946623,8.02826719723643,16.758672105869277
GA p=0.4,48,2892,2.109763880946623,7.881202012101588,16.758672105869277
GA p=0.4,49,2951,2.109763880946623,7.812460878392825,16.758672105869277
GA p=0.4,50,3010,2.109763880946623,7.151102317728849,16.758672105869277
GA p=0.4,51,3069,2.053308031585543,6.727612363501324,14.881146129515628
GA p=0.4,52,3128,2.053308031585543,5.872004710969859,9.961217670277234
GA p=0.4,53,3187,2.053308031585543,5.80983448091531,9.961217670277234
GA p=0.4,54,3246,2.053308031585543,5.66543706751207,9.961217670277234
GA p=0.4,55,3305,2.053308031585543,5.612581357263695,9.961217670277234
GA p=0.4,56,3364,2.053308031585543,5.533528820487424,9.961217670277234
GA p=0.4,57,3423,2.053308031585543,5.521982775076673,9.961217670277234
GA p=0.4,58,3482,2.053308031585543,5.437273326499,9.961217670277234
GA p=0.4,59,3541,2.053308031585543,5.260579831055493,9.961217670277234
GA p=0.4,60,3600,1.0994126095660832,5.043986272109244,9.549261995292998
GA p=0.4,61,3659,1.0994126095660832,5.039469369963195,9.549261995292998
GA p=0.4,62,3718,1.0994126095660832,4.546346176772348,9.45527643313084
GA p=0.4,63,3777,0.6431893939512319,4.478293150858537,9.45527643313084
GA p=0.4,64,3836,0.6431893939512319,4.201078936403689,9.45527643313084
GA p=0.4,65,3895,0.6431893939512319,4.201078936403689,9.45527643313084
GA p=0.4,66,3954,0.6431893939512319,4.163533416049766,9.45527643313084
GA p=0.4,67,4013,0.6431893939512319,4.151464540769499,9.45527643313084
GA p=0.4,68,4072,0.6431893939512319,4.151464540769499,9.45527643313084
GA p=0.4,69,4131,0.6431893939512319,3.934953683680015,9.45527643313084
GA p=0.4,70,4190,0.6431893939512319,3.934953683680015,9.45527643313084
GA p=0.4,71,4249,0.6431893939512319,3.7128777318315054,6.940347539873559
GA p=0.4,72,4308,0.6431893939512319,3.52736152675273,6.940347539873559
GA p=0.4,73,4367,0.6431893939512319,3.2448876078225237,6.007010273279453
GA p=0.4,74,4426,0.6431893939512319,3.2448876078225237,6.007010273279453
GA p=0.4,75,4485,0.6431893939512319,3.2448876078225237,6.007010273279453
GA p=0.4,76,4544,0.6431893939512319,3.1242175878115623,5.618507629889926
GA p=0.4,77,4603,0.6431893939512319,3.0698796871266567,5.618507629889926
GA p=0.4,78,4662,0.6431893939512319,2.844596289888792,5.618507629889926
GA p=0.4,79,4721,0.6335736528765128,2.827368344640495,5.618507629889926
GA p=0.4,80,4780,0.5984799419912112,2.8238579649534983,5.618507629889926
GA p=0.4,81,4839,0.5984799419912112,2.8238579649534983,5.618507629889926
GA p=0.4,82,4898,0.5984799419912112,2.7519306542447883,5.618507629889926
GA p=0.4,83,4957,0.1366561470831623,2.6842422048842516,5.618507629889926
GA p=0.4,84,5016,0.1366561470831623,2.559254762764449,5.618507629889926
GA p=0.4,85,5075,0.04092859986100237,2.3537846254926387,5.618507629889926
GA p=0.4,86,5134,0.04092859986100237,2.338688007075239,5.618507629889926
GA p=0.4,87,5193,0.04092859986100237,2.3040224329072307,5.618507629889926
GA p=0.4,88,5252,0.04092859986100237,2.3040224329072307,5.618507629889926
GA p=0.4,89,5311,0.04092859986100237,2.3040224329072307,5.618507629889926
GA p=0.4,90,5370,0.04092859986100237,2.2368502684970086,5.618507629889926
GA p=0.4,91,5429,0.04092859986100237,2.2368502684970086,5.618507629889926
GA p=0.4,92,5488,0.04092859986100237,2.212179642142379,5.618507629889926
GA p=0.4,93,5547,0.04092859986100237,2.1849243946491295,5.618507629889926
GA p=0.4,94,5606,0.04092859986100237,2.1849243946491295,5.618507629889926
GA p=0.4,95,5665,0.04092859986100237,2.180364413756444,5.618507629889926
GA p=0.4,96,5724,0.04092859986100237,2.0664357951129735,3.59360987306023
GA p=0.4,97,5783,0.04092859986100237,1.9809053543126338,3.59360987306023
GA p=0.4,98,5842,0.04092859986100237,1.9644685410264762,3.59360987306023
GA p=0.4,99,5901,0.04092859986100237,1.9476542057976816,3.59360987306023
Random search,0,60,435790150.1450675,4044652917.147427,16671244804.653881
Random search,1,119,435790150.1450675,2276587256.2450395,6295372632.767665
Random search,2,178,281379527.55844986,1771742964.8981123,6295372632.767665
Random search,3,237,281379527.55844986,1551145257.3586252,5918392290.741581
Random search,4,296,53273832.67542515,747775892.3609067,1668312016.192691
Random search,5,355,53273832.67542515,695183002.9527106,1594360123.5238168
Random search,6,414,53273832.67542515,687114469.9005771,1554056037.1709783
Random search,7,473,53273832.67542515,687114469.9005771,1554056037.1709783
Random search,8,532,53273832.67542515,679828522.5158964,1436845460.4888618
Random search,9,591,53273832.67542515,548943547.1655804,1436845460.4888618
Random search,10,650,53273832.67542515,509861908.17543715,1360789908.9310522
Random search,11,709,53273832.67542515,499518045.09801865,1360789908.9310522
Random search,12,768,53273832.67542515,487852797.0837069,1319334029.2964542
Random search,13,827,22845094.31270028,464256512.3635194,1319334029.2964542
Random search,14,886,22845094.31270028,401783382.0437718,1254862046.9717784
Random search,15,945,22845094.31270028,355055294.2737511,1254862046.9717784
Random search,16,1004,22845094.31270028,355055294.2737511,1254862046.9717784
Random search,17,1063,22845094.31270028,341564916.75383455,1254862046.9717784
Random search,18,1122,22845094.31270028,341564916.75383455,1254862046.9717784
Random search,19,1181,22845094.31270028,321884424.81182367,1254862046.9717784
Random search,20,1240,13581554.86612209,300749127.97860813,1254862046.9717784
Random search,21,1299,13581554.86612209,293501224.8276325,1254862046.9717784
Random search,22,1358,13581554.86612209,267736880.14230704,739575153.265269
Random search,23,1417,13581554.86612209,262228646.8216258,739575153.265269
Random search,24,1476,13581554.86612209,255916644.17908427,739575153.265269
Random search,25,1535,13581554.86612209,255916644.17908427,739575153.265269
Random search,26,1594,13581554.86612209,249112361.17096552,739575153.265269
Random search,27,1653,13581554.86612209,242939560.1435608,739575153.265269
Random search,28,1712,13581554.86612209,242585924.11325794,739575153.265269
Random search,29,1771,13581554.86612209,242585924.11325794,739575153.265269
Random search,30,1830,13581554.86612209,242585924.11325794,739575153.265269
Random search,31,1889,13581554.86612209,242585924.11325794,739575153.265269
Random search,32,1948,13581554.86612209,241344438.97107857,714745450.4216821
Random search,33,2007,13581554.86612209,241344438.97107857,714745450.4216821
Random search,34,2066,13581554.86612209,241344438.97107857,714745450.4216821
Random search,35,2125,13581554.86612209,241344438.97107857,714745450.4216821
Random search,36,2184,13581554.86612209,240890954.58228877,714745450.4216821
Random search,37,2243,13581554.86612209,216850451.26857015,543310104.1059744
Random search,38,2302,13581554.86612209,216850451.26857015,543310104.1059744
Random search,39,2361,13581554.86612209,188217391.8137196,436187027.1172543
Random search,40,2420,13581554.86612209,188217391.8137196,436187027.1172543
Random search,41,2479,13581554.86612209,188217391.8137196,436187027.1172543
Random search,42,2538,13581554.86612209,187586521.2216063,436187027.1172543
Random search,43,2597,13581554.86612209,187586521.2216063,436187027.1172543
Random search,44,2656,4920337.9601707505,174925539.41726902,436187027.1172543
Random search,45,2715,4920337.9601707505,174925539.41726902,436187027.1172543
Random search,46,2774,4920337.9601707505,174925539.41726902,436187027.1172543
Random search,47,2833,4920337.9601707505,170280143.984525,436187027.1172543
Random search,48,2892,4920337.9601707505,170280143.984525,436187027.1172543
Random search,49,2951,4920337.9601707505,170280143.984525,436187027.1172543
Random search,50,3010,4920337.9601707505,159514323.16338187,436187027.1172543
Random search,51,3069,4920337.9601707505,159514323.16338187,436187027.1172543
Random search,52,3128,4920337.9601707505,159514323.16338187,436187027.1172543
Random search,53,3187,4920337.9601707505,159514323.16338187,436187027.1172543
Random search,54,3246,4920337.9601707505,159514323.16338187,436187027.1172543
Random search,55,3305,4920337.9601707505,159514323.16338187,436187027.1172543
Random search,56,3364,4920337.9601707505,159514323.16338187,436187027.1172543
Random search,57,3423,4920337.9601707505,159514323.16338187,436187027.1172543
Random search,58,3482,4920337.9601707505,157935202.558228,436187027.1172543
Random search,59,3541,4920337.9601707505,157935202.558228,436187027.1172543
Random search,60,3600,4920337.9601707505,155879596.82301137,436187027.1172543
Random search,61,3659,4920337.9601707505,142890623.78040835,436187027.1172543
Random search,62,3718,4920337.9601707505,142890623.78040835,436187027.1172543
Random search,63,3777,4920337.9601707505,137968514.72881725,436187027.1172543
Random search,64,3836,4920337.9601707505,137968514.72881725,436187027.1172543
Random search,65,3895,4920337.9601707505,137968514.72881725,436187027.1172543
Random search,66,3954,4920337.9601707505,137968514.72881725,436187027.1172543
Random search,67,4013,4920337.9601707505,137968514.72881725,436187027.1172543
Random search,68,4072,4920337.9601707505,137040655.80646038,436187027.1172543
Random search,69,4131,4920337.9601707505,137040655.80646038,436187027.1172543
Random search,70,4190,4920337.9601707505,137040655.80646038,436187027.1172543
Random search,71,4249,4920337.9601707505,137040655.80646038,436187027.1172543
Random search,72,4308,4920337.9601707505,127877741.14192654,436187027.1172543
Random search,73,4367,4920337.9601707505,127877741.14192654,436187027.1172543
Random search,74,4426,4920337.9601707505,124309175.09937766,436187027.1172543
Random search,75,4485,4920337.9601707505,124309175.09937766,436187027.1172543
Random search,76,4544,4920337.9601707505,124309175.09937766,436187027.1172543
Random search,77,4603,4920337.9601707505,124309175.09937766,436187027.1172543
Random search,78,4662,4920337.9601707505,124309175.09937766,436187027.1172543
Random search,79,4721,4920337.9601707505,116587349.18421389,432005704.65222293
Random search,80,4780,4920337.9601707505,116587349.18421389,432005704.65222293
Random search,81,4839,4920337.9601707505,116587349.18421389,432005704.65222293
Random search,82,4898,4920337.9601707505,116587349.18421389,432005704.65222293
Random search,83,4957,4920337.9601707505,116587349.18421389,432005704.65222293
Random search,84,5016,4920337.9601707505,116587349.18421389,432005704.65222293
Random search,85,5075,4920337.9601707505,116587349.18421389,432005704.65222293
Random search,86,5134,4920337.9601707505,116587349.18421389,432005704.65222293
Random search,87,5193,4920337.9601707505,116587349.18421389,432005704.65222293
Random search,88,5252,4920337.9601707505,113203873.66171855,432005704.65222293
Random search,89,5311,4920337.9601707505,113203873.66171855,432005704.65222293
Random search,90,5370,4920337.9601707505,113203873.66171855,432005704.65222293
Random search,91,5429,4920337.9601707505,113203873.66171855,432005704.65222293
Random search,92,5488,4920337.9601707505,113203873.66171855,432005704.65222293
Random search,93,5547,4920337.9601707505,113203873.66171855,432005704.65222293
Random search,94,5606,4920337.9601707505,113203873.66171855,432005704.65222293
Random search,95,5665,4920337.9601707505,113203873.66171855,432005704.65222293
Random search,96,5724,4920337.9601707505,113203873.66171855,432005704.65222293
Random search,97,5783,4920337.9601707505,106005744.90701526,288043129.55815744
Random search,98,5842,4920337.9601707505,105635069.02816023,288043129.55815744
Random search,99,5901,4920337.9601707505,105635069.02816023,288043129.55815744
