method,seed,best_f,best_x
GA p=0.1,2026,0.05926722574289506,"[0.9470730897939822, -1.4148968879124229, 1.7541298652818875, -2.0155545095221274, 2.191569690269626]"
GA p=0.1,2027,0.08330199658712281,"[-0.9014168663559374, 1.4334522338567446, -1.736615095044161, -2.010485611262591, -2.1891291659062144]"
GA p=0.1,2028,0.08222278164983983,"[-0.9724466537372303, 1.4634013881071135, -1.7356600400756739, 2.001718327603175, 2.181063468043016]"
GA p=0.1,2029,0.06420703630427609,"[0.9944872573082413, -1.4124791780444328, 1.7578839087498688, 1.9564478748512033, -2.1995463142957816]"
GA p=0.1,2030,0.005607830858844656,"[-0.9965635071527826, -1.4179064818046552, 1.7524620272220153, -1.9950795105555992, 2.235500527019997]"
GA p=0.1,2031,0.0027183416566465514,"[0.97908741040864, 1.4074019613955784, 1.7332614683620786, -1.999397785355227, -2.241595533319683]"
GA p=0.1,2032,0.19393667537108905,"[-1.0583109254057468, 1.3255515958924025, 1.7355107399537633, -2.0809701583599507, -2.259600294268945]"
GA p=0.1,2033,0.10918932610236556,"[0.9288274563214474, -1.4010665585719382, -1.6898987320131877, 2.008067340230847, 2.293268379557522]"
GA p=0.1,2034,0.06303321172680852,"[-0.9546729940507221, -1.412284561809047, 1.7925544203526487, -2.0200139578209395, -2.2233744445839996]"
GA p=0.1,2035,0.10172419120378029,"[-0.9497864294153255, -1.4251602412029574, 1.7155297486457437, -2.0497272817664753, 2.2842186981772272]"
GA p=0.1,2036,0.02735946993993795,"[-0.9745057802432759, -1.4121801647017476, 1.7758471696878144, -1.99157000981596, -2.237756684111712]"
GA p=0.1,2037,0.06362344648830477,"[0.9934628672073862, 1.4008627614951663, -1.7556036104963644, 1.943906992949071, -2.218174070975005]"
GA p=0.1,2038,0.05206417854391325,"[1.009506018014342, -1.44191872114414, -1.7469977910989412, 1.9756302584353853, -2.2765349593044526]"
GA p=0.1,2039,0.01946585274882275,"[-0.9992752411152743, -1.4431067817620926, 1.7407208138910077, -1.985885656754098, -2.21526305772255]"
GA p=0.1,2040,0.012806548677616292,"[-0.957637011172443, 1.4062871026139052, -1.7197174470243077, 1.987368683178964, 2.2434045804644054]"
GA p=0.1,2041,0.01421031577291935,"[0.9925851507232273, -1.417294547574036, 1.7230905368989744, -1.9732944719283143, -2.2452641471818566]"
GA p=0.1,2042,0.7671524775608074,"[-0.9998183261444901, -1.4505068922593654, -1.6375998355432708, -2.1441166246603967, -2.1103977319217733]"
GA p=0.1,2043,0.09750664585022796,"[-0.973158124027556, -1.3927736633600114, -1.7918877771754567, -1.9458577635285728, 2.229071286181251]"
GA p=0.1,2044,0.05160727082200401,"[-0.9546717586623119, -1.3627738802400082, -1.7471708409242224, 1.9687034960903596, 2.2199522431852072]"
GA p=0.1,2045,0.30346212493784175,"[-1.039204692826382, 1.2949760681527813, -1.6092472219213207, -2.0383585473575967, 2.240287719101903]"
GA p=0.4,2026,0.04092859986100237,"[-0.9462113609526442, -1.4007362718546452, 1.7155311032039173, 2.0089098510648067, -2.270452620302961]"
GA p=0.4,2027,0.9346370396663631,"[0.8730751743509582, 1.137250662172863, -1.7660692635679012, 1.9958418714352817, -2.09676394680002]"
GA p=0.4,2028,1.843275804777724,"[-0.2034634105525015, 1.6765241455866002, -1.7702213751638398, -2.108208112543472, -2.2862878928813783]"
GA p=0.4,2029,0.1366561470831623,"[-0.9572771656336043, 1.3226231217771613, -1.7876962861957928, 2.041183639385977, -2.229855461505966]"
GA p=0.4,2030,2.7114178962755178,"[-1.2195524004457918, -1.3004812001384947, 1.3697131777545277, -2.1212116392947054, 2.4352766232955494]"
GA p=0.4,2031,1.4415133444815371,"[0.8290667859494829, -1.3168784500848874, 1.6717707009574503, -2.253891108910678, -2.292172563921425]"
GA p=0.4,2032,0.32421375748338116,"[-0.8366993116731161, -1.2967765152599537, -1.6992449427573875, 1.9140495469501415, -2.254761446949118]"
GA p=0.4,2033,3.122417720192718,"[0.7947038757175613, -1.317259635397774, 1.6648268525584284, -2.2777351085090407, 1.9479870406895194]"
GA p=0.4,2034,2.195462336903796,"[0.05078317258636167, -1.6029034845516617, -1.6020490097499942, -1.989984776397825, 2.042331514506353]"
GA p=0.4,2035,2.0218653750138356,"[-0.9764662537397556, -1.5978938962182112, 1.9647427183597275, -1.7759692839788297, 2.3469055157473306]"
GA p=0.4,2036,2.885765640197887,"[0.4339386042777438, 0.7389972862070551, 1.7948288772081324, -1.9894045547817232, -2.179528473953545]"
GA p=0.4,2037,2.4525897866262563,"[-0.5517090976279642, 1.3756659815153158, 1.4594307987884692, 2.087459622120802, -1.9910960017195314]"
GA p=0.4,2038,1.5681802698330447,"[-0.9440794115361446, -1.1046896018284549, 1.5583107354979804, -2.0676963414557923, -2.064261939524635]"
GA p=0.4,2039,3.59360987306023,"[0.0756644151268524, -1.8979576477303288, -1.7687029940247827, 1.965415654927225, 2.224697414077423]"
GA p=0.4,2040,1.802562125199659,"[-1.2526285756147297, -1.0644988640862665, 1.6917830147111923, -2.0299254351194547, 2.415142519077272]"
GA p=0.4,2041,2.232869948253927,"[-1.2845770450424925, 0.9121010128365464, -1.8360800051080903, 1.867222623494997, 2.1884681028723216]"
GA p=0.4,2042,2.075629716964526,"[1.2113122303065706, -1.2754128322064449, -1.3479725955858588, -1.891884212154403, 2.3186396680672297]"
GA p=0.4,2043,3.3399352570205108,"[-0.3907914639447536, 1.2953544764591145, -1.4941089496881808, 2.175213393600345, -1.954320678090843]"
GA p=0.4,2044,1.9397704035512418,"[0.7937931626922858, -1.4613621327159865, -1.3588083307368524, -1.8426530333825135, -2.168680115802002]"
GA p=0.4,2045,2.289783073507309,"[-1.2435224418556605, 1.3496942968140457, 1.3670844888500895, 1.7924130798542786, -2.1804331662270062]"
Random search,2026,15258390.085368047,"[-46.96310951318384, -54.85728490584495, -33.08129948394935, -19.641161342905377, -11.731726084107095]"
Random search,2027,22845094.31270028,"[41.5128947932958, 34.22480459569795, -63.15597350666803, 4.338983091608156, 40.315560878049155]"
Random search,2028,281750508.8139789,"[-58.84785445997562, -90.66419631923605, -94.9252173357167, 100.66129973496152, -65.61976446553143]"
Random search,2029,53273832.67542515,"[10.668143970416281, -6.544375743300918, 84.507799337596, -32.36140192411773, -33.25447107182288]"
Random search,2030,151646809.79851925,"[-80.19878129953685, 79.52853341252467, -80.13734190644595, 51.60903789366023, 68.55188516842179]"
Random search,2031,34019339.56630217,"[-50.567006008557996, 5.356768455400243, 71.71846983720093, 25.989023971905567, -28.02951534236354]"
Random search,2032,288043129.55815744,"[-39.64942210891655, 17.889129556198213, 92.88002018084057, -116.38197260900239, 72.61636582255835]"
Random search,2033,122868026.43210016,"[31.54365939765603, -80.48578642660175, 58.28789600252378, -90.96255850858324, -12.571728848140822]"
Random search,2034,112203404.26545727,"[-12.344453329285898, 83.67159440665841, -2.5549621594347514, 89.17711067156245, -11.434707880058056]"
Random search,2035,13581554.86612209,"[-50.588146242212304, 3.2729696094996257, -22.209672538891596, -6.386153677636173, -51.106091961581456]"
Random search,2036,68430832.46623513,"[42.629729757560426, -66.26807192855154, 76.22488224279834, -58.74660323817085, 22.641294892811402]"
Random search,2037,62040536.32861929,"[-46.613882400747286, 81.58687015008991, 37.14403417171059, -57.81627267698542, 2.8398063404795266]"
Random search,2038,128609054.19875252,"[-93.2088209912796, -16.97313683530234, -85.3668062156533, 5.61457745318296, 5.5638305421578025]"
Random search,2039,4920337.9601707505,"[-24.926032476140904, 36.63526299356499, -28.850141384085134, 37.08435535560636, -20.471402985218333]"
Random search,2040,63278028.20281047,"[-34.3059248151111, 11.120965103681215, 87.2597591046914, 36.10826240501251, -38.835635420990684]"
Random search,2041,209315615.05359447,"[-71.7323715560143, -63.4593671459902, 105.98190852800042, -32.04894083250878, -79.31245890532932]"
Random search,2042,196833697.18889102,"[100.02541889853592, -62.62578203786842, -76.08605400296597, -81.86392190092653, 41.84203452283123]"
Random search,2043,54790129.26080239,"[-29.60568340391478, -8.195801382517857, 15.059527133798952, 3.5503152556514124, 85.74016237237788]"
Random search,2044,50677090.856633134,"[17.15741427057253, 8.285078542179633, -33.03719641259619, -63.50369121037568, 75.92397683458887]"
Random search,2045,178315968.67256477,"[104.9275603304003, -15.378620659222008, -73.36482121994135, 71.53972968097719, 37.56516408606137]"
